{"train_acc":[0.05977499857544899,0.1679999977350235,0.2217624932527542,0.24857498705387115,0.26711249351501465,0.27857497334480286,0.2895124852657318,0.2970624566078186,0.3040124773979187,0.31087496876716614,0.31699997186660767,0.32288748025894165,0.330487459897995,0.3327874541282654,0.3391624689102173,0.34148749709129333,0.3462124764919281,0.3509499728679657,0.35112500190734863,0.3551499545574188,0.3591499626636505,0.3619999587535858,0.36364999413490295,0.36816245317459106,0.368712455034256,0.3714749813079834,0.37322497367858887,0.3757374584674835,0.37843745946884155,0.37948745489120483,0.3812999725341797,0.3842625021934509,0.38329997658729553,0.38692495226860046,0.38663747906684875,0.38868746161460876,0.3912374675273895,0.39111247658729553,0.3922874629497528,0.394599974155426,0.39511245489120483,0.3949499726295471,0.39681246876716614,0.398999959230423,0.39844998717308044,0.4015999734401703,0.4023749828338623,0.4028500020503998,0.4019499719142914,0.40195000171661377,0.40536245703697205,0.4063999652862549,0.4047749638557434,0.4060249924659729,0.4091624617576599,0.40798747539520264,0.4103125035762787,0.41016244888305664,0.40981245040893555,0.40914997458457947,0.41054993867874146,0.41337499022483826,0.41346243023872375,0.41288745403289795,0.41467493772506714,0.4150749444961548,0.4155499339103699,0.41528749465942383,0.41763749718666077,0.4163249433040619,0.41649994254112244,0.41641244292259216,0.417637437582016,0.41864994168281555,0.41887494921684265,0.41912493109703064,0.4203624427318573,0.41979995369911194,0.4186999797821045,0.42219993472099304,0.4209999442100525,0.4214124381542206,0.4223874509334564,0.4214749336242676,0.4221625030040741,0.42307499051094055,0.4229874312877655,0.4225125014781952,0.42412492632865906,0.4234499931335449,0.4265999495983124,0.4249749779701233,0.42598745226860046,0.4256499409675598,0.4275124967098236,0.4267374277114868,0.4268624484539032,0.42793744802474976,0.4293874502182007,0.4292999804019928],"val_acc":[0.11299999803304672,0.1979999989271164,0.23899997770786285,0.2539999783039093,0.273999959230423,0.27799999713897705,0.28699997067451477,0.2929999828338623,0.2959999740123749,0.2969999611377716,0.304999977350235,0.30299997329711914,0.3019999563694,0.3099999725818634,0.3059999644756317,0.2929999828338623,0.30799996852874756,0.30300000309944153,0.29899996519088745,0.30399996042251587,0.3229999840259552,0.3099999725818634,0.31999996304512024,0.30399996042251587,0.3259999752044678,0.32099997997283936,0.3230000138282776,0.3219999670982361,0.3219999670982361,0.3269999623298645,0.3179999589920044,0.3179999589920044,0.3279999792575836,0.3319999575614929,0.3160000145435333,0.32999998331069946,0.3479999601840973,0.3219999670982361,0.3389999568462372,0.3219999670982361,0.32999998331069946,0.32899999618530273,0.33799996972084045,0.3279999792575836,0.33500000834465027,0.32899996638298035,0.33799999952316284,0.34999996423721313,0.33299997448921204,0.34299996495246887,0.3389999568462372,0.3529999554157257,0.3359999656677246,0.32399997115135193,0.3259999752044678,0.3359999656677246,0.3370000123977661,0.351999968290329,0.3269999623298645,0.34699997305870056,0.3409999907016754,0.35499995946884155,0.33399999141693115,0.3409999907016754,0.3539999723434448,0.34299999475479126,0.35999995470046997,0.3359999656677246,0.34699997305870056,0.33799996972084045,0.3319999575614929,0.3479999601840973,0.34299996495246887,0.34199997782707214,0.3370000123977661,0.3489999771118164,0.3319999575614929,0.35600000619888306,0.35499995946884155,0.3489999771118164,0.3259999752044678,0.34699997305870056,0.3529999554157257,0.34299996495246887,0.3479999601840973,0.35099998116493225,0.34299996495246887,0.3619999885559082,0.3529999554157257,0.34999996423721313,0.34599998593330383,0.3539999723434448,0.35099998116493225,0.35499995946884155,0.3449999690055847,0.35499995946884155,0.35599997639656067,0.3529999554157257,0.35899996757507324,0.3580000102519989],"train_loss":[4.224493980407715,3.3563549518585205,3.0228846073150635,2.862902879714966,2.7599759101867676,2.6852164268493652,2.632469415664673,2.5892441272735596,2.5492725372314453,2.5158586502075195,2.48132586479187,2.45149302482605,2.4265670776367188,2.4057834148406982,2.3813910484313965,2.3627614974975586,2.3455328941345215,2.327566623687744,2.31124210357666,2.2979466915130615,2.2838120460510254,2.269134283065796,2.257329225540161,2.2445271015167236,2.2353389263153076,2.221250295639038,2.213677406311035,2.206907272338867,2.1953368186950684,2.1902670860290527,2.180176019668579,2.1739859580993652,2.167682409286499,2.15651535987854,2.1503350734710693,2.1482388973236084,2.1385953426361084,2.132111072540283,2.1256959438323975,2.1198720932006836,2.1157217025756836,2.111894369125366,2.1059722900390625,2.1012394428253174,2.0980217456817627,2.0927538871765137,2.0895750522613525,2.0857865810394287,2.08248233795166,2.0817525386810303,2.0746989250183105,2.071063280105591,2.0714874267578125,2.067812919616699,2.063659429550171,2.059516668319702,2.0562260150909424,2.0554730892181396,2.0519652366638184,2.050147294998169,2.046144962310791,2.0412774085998535,2.0424227714538574,2.0369081497192383,2.0360143184661865,2.0333175659179688,2.0291459560394287,2.0286107063293457,2.0275232791900635,2.023136615753174,2.023189067840576,2.0214033126831055,2.014984607696533,2.0165700912475586,2.015566825866699,2.010892629623413,2.0120246410369873,2.0089237689971924,2.0044350624084473,2.004013776779175,2.0024819374084473,2.0036323070526123,1.9998703002929688,1.9991819858551025,1.9977792501449585,1.996653437614441,1.9922958612442017,1.9933719635009766,1.9887003898620605,1.98916757106781,1.9858794212341309,1.984960913658142,1.9855444431304932,1.984039545059204,1.9798933267593384,1.9783005714416504,1.9756673574447632,1.9777535200119019,1.9758392572402954,1.9725743532180786],"val_loss":[3.7284982204437256,3.1586787700653076,2.952578067779541,2.8213343620300293,2.770235300064087,2.700530529022217,2.6825318336486816,2.635056972503662,2.606107711791992,2.599957227706909,2.5731101036071777,2.569345474243164,2.5867059230804443,2.5494134426116943,2.5605499744415283,2.5751101970672607,2.54715633392334,2.5063695907592773,2.5341782569885254,2.51647686958313,2.5134992599487305,2.480767250061035,2.550541400909424,2.520469903945923,2.4907572269439697,2.4855453968048096,2.504845142364502,2.5319972038269043,2.486534357070923,2.4661498069763184,2.482546329498291,2.4674623012542725,2.4479868412017822,2.4478838443756104,2.4771769046783447,2.4663519859313965,2.4197232723236084,2.479872703552246,2.458606481552124,2.482077121734619,2.442991018295288,2.4395463466644287,2.456498146057129,2.424567222595215,2.4680538177490234,2.449435234069824,2.4354281425476074,2.43365740776062,2.4743685722351074,2.440659999847412,2.4067859649658203,2.417555093765259,2.4473187923431396,2.4320881366729736,2.4197375774383545,2.4253509044647217,2.398845911026001,2.3975698947906494,2.4063801765441895,2.4261510372161865,2.3980910778045654,2.3934314250946045,2.4110171794891357,2.3962066173553467,2.423457384109497,2.395259141921997,2.359285354614258,2.4218924045562744,2.3977386951446533,2.424374580383301,2.3766980171203613,2.3864645957946777,2.3938379287719727,2.4076833724975586,2.432307243347168,2.3816490173339844,2.4115285873413086,2.3618717193603516,2.395679473876953,2.382474422454834,2.419020414352417,2.393472909927368,2.3690433502197266,2.3990468978881836,2.4233763217926025,2.3493919372558594,2.3753387928009033,2.350285053253174,2.387554407119751,2.3714091777801514,2.3698596954345703,2.3499863147735596,2.3523924350738525,2.3794872760772705,2.3631460666656494,2.3322947025299072,2.37196683883667,2.3663077354431152,2.3640995025634766,2.3642351627349854]}