{"train_acc":[0.06847500056028366,0.16387499868869781,0.2358749955892563,0.26854997873306274,0.29241248965263367,0.3105374574661255,0.3271624743938446,0.3401249647140503,0.35087499022483826,0.36348745226860046,0.3732999563217163,0.38102495670318604,0.38774996995925903,0.39534997940063477,0.4024624526500702,0.4053874611854553,0.4152500033378601,0.4186249375343323,0.42274999618530273,0.4264249801635742,0.4312499463558197,0.4324750006198883,0.43831250071525574,0.4389249384403229,0.4428125023841858,0.44579994678497314,0.4484499990940094,0.45176243782043457,0.45233750343322754,0.4561999440193176,0.4587124288082123,0.45957499742507935,0.46131250262260437,0.46434998512268066,0.4648374915122986,0.46696242690086365,0.468099981546402,0.46917498111724854,0.47032493352890015,0.4726249873638153,0.4742874801158905,0.4740874767303467,0.4777999818325043,0.47792500257492065,0.4774749279022217,0.48019999265670776,0.4793500006198883,0.4827999472618103,0.483024924993515,0.48409998416900635,0.4842374920845032,0.48539999127388,0.487824946641922,0.4883999526500702,0.48889997601509094,0.4887999892234802,0.49008747935295105,0.4920249283313751,0.4916999936103821,0.4936375021934509,0.4944499731063843,0.49572494626045227,0.4963749945163727,0.4964374899864197,0.4963374733924866,0.5012750029563904,0.4978249967098236,0.4971249997615814,0.49969998002052307,0.49927499890327454,0.5014749765396118,0.5026624798774719,0.5012999773025513,0.502887487411499,0.5055124759674072,0.5026624798774719,0.5053749680519104,0.5050874948501587,0.505549967288971,0.5060625076293945,0.5054999589920044,0.5064249634742737,0.5086874961853027,0.5067874789237976,0.5088124871253967,0.5098000168800354,0.509975016117096,0.5101374983787537,0.5100249648094177,0.512287437915802,0.5126374959945679,0.5099374651908875,0.5107625126838684,0.5117374658584595,0.5140874981880188,0.5130999684333801,0.5136749744415283,0.5144749879837036,0.5143749117851257,0.5138124823570251],"val_acc":[0.10999999940395355,0.20899999141693115,0.22100000083446503,0.25200000405311584,0.26600000262260437,0.2720000147819519,0.2709999978542328,0.29499998688697815,0.29999998211860657,0.29999998211860657,0.2959999740123749,0.3019999563694,0.30699998140335083,0.3089999556541443,0.2979999780654907,0.32899996638298035,0.30399996042251587,0.31999996304512024,0.312999963760376,0.3179999589920044,0.31999996304512024,0.3349999785423279,0.312999963760376,0.3269999623298645,0.31700000166893005,0.3229999840259552,0.3059999644756317,0.328000009059906,0.3179999589920044,0.3189999759197235,0.33299997448921204,0.3149999678134918,0.32099997997283936,0.31699997186660767,0.32600000500679016,0.32399997115135193,0.296999990940094,0.3100000023841858,0.3219999670982361,0.32899996638298035,0.31699997186660767,0.32899996638298035,0.3089999556541443,0.29999998211860657,0.3219999670982361,0.32899996638298035,0.31700000166893005,0.32499995827674866,0.32099997997283936,0.3089999556541443,0.31599995493888855,0.3269999623298645,0.3279999792575836,0.3279999792575836,0.3240000009536743,0.31699997186660767,0.32899996638298035,0.3319999873638153,0.32199999690055847,0.32399997115135193,0.30399996042251587,0.31599995493888855,0.3269999623298645,0.3309999704360962,0.31699997186660767,0.340999960899353,0.32099997997283936,0.3219999670982361,0.33399996161460876,0.32399997115135193,0.32899996638298035,0.3269999623298645,0.33399996161460876,0.32899996638298035,0.3369999825954437,0.3179999589920044,0.32899996638298035,0.32600000500679016,0.32499995827674866,0.32499995827674866,0.31699997186660767,0.3319999575614929,0.32499998807907104,0.31699997186660767,0.3189999759197235,0.3229999840259552,0.3050000071525574,0.32499995827674866,0.32099997997283936,0.3179999887943268,0.3089999556541443,0.3269999623298645,0.312999963760376,0.3229999840259552,0.3189999759197235,0.32899996638298035,0.3230000138282776,0.3219999670982361,0.32100000977516174,0.3109999895095825],"train_loss":[3.9150736331939697,3.1615071296691895,2.8038008213043213,2.6373131275177,2.5219943523406982,2.42795991897583,2.355104446411133,2.291958808898926,2.2417192459106445,2.1915626525878906,2.1518657207489014,2.1184468269348145,2.086904525756836,2.0537068843841553,2.0292999744415283,2.00639271736145,1.9819036722183228,1.9620016813278198,1.9460309743881226,1.930580973625183,1.9124499559402466,1.8993476629257202,1.8873716592788696,1.8724464178085327,1.8623911142349243,1.8519874811172485,1.8409109115600586,1.8284968137741089,1.8236433267593384,1.8123595714569092,1.8050565719604492,1.794745683670044,1.7910836935043335,1.7793296575546265,1.7736161947250366,1.7682995796203613,1.7611689567565918,1.7561821937561035,1.7511699199676514,1.7418733835220337,1.7367764711380005,1.732236623764038,1.7268272638320923,1.7211192846298218,1.7186517715454102,1.7118409872055054,1.7118107080459595,1.7045191526412964,1.6995195150375366,1.6957473754882812,1.6938002109527588,1.6874600648880005,1.6840842962265015,1.6806118488311768,1.6785391569137573,1.6749327182769775,1.670628309249878,1.666329264640808,1.6646313667297363,1.6600779294967651,1.6553421020507812,1.6523034572601318,1.6513222455978394,1.6488640308380127,1.645965814590454,1.6433440446853638,1.6439909934997559,1.6370418071746826,1.63445246219635,1.6332910060882568,1.6302411556243896,1.628413200378418,1.6264623403549194,1.623932957649231,1.6195732355117798,1.6185400485992432,1.615419626235962,1.6159732341766357,1.6113479137420654,1.6106904745101929,1.6100608110427856,1.606549620628357,1.6030019521713257,1.6031337976455688,1.6012048721313477,1.598052978515625,1.5964527130126953,1.5930685997009277,1.5930545330047607,1.589167594909668,1.5883142948150635,1.591112494468689,1.5883437395095825,1.5842986106872559,1.5796853303909302,1.5812548398971558,1.5800102949142456,1.5807702541351318,1.5759357213974,1.5743311643600464],"val_loss":[3.4304072856903076,2.9631259441375732,2.818680763244629,2.6678569316864014,2.629004955291748,2.600353956222534,2.5648839473724365,2.547025203704834,2.5052530765533447,2.492952346801758,2.491171360015869,2.503671646118164,2.5197408199310303,2.4846885204315186,2.49906063079834,2.459838390350342,2.513913869857788,2.500965118408203,2.5197088718414307,2.4812262058258057,2.495493173599243,2.4698305130004883,2.526754856109619,2.51699161529541,2.518846035003662,2.5008578300476074,2.5306363105773926,2.517713785171509,2.5208544731140137,2.540926933288574,2.537426710128784,2.5286240577697754,2.576904296875,2.5402605533599854,2.545856237411499,2.536163091659546,2.57857346534729,2.5743167400360107,2.5731430053710938,2.586428165435791,2.579843282699585,2.589799404144287,2.586477756500244,2.588665008544922,2.575693130493164,2.6005635261535645,2.625115156173706,2.590853452682495,2.5793564319610596,2.6234195232391357,2.611219644546509,2.6004037857055664,2.6130473613739014,2.606779098510742,2.6011013984680176,2.632934808731079,2.598605155944824,2.616123676300049,2.6370770931243896,2.6295552253723145,2.6484625339508057,2.6504733562469482,2.627720832824707,2.6445188522338867,2.6886096000671387,2.6676485538482666,2.657792091369629,2.631615161895752,2.626194715499878,2.6526072025299072,2.6437411308288574,2.6733744144439697,2.620596408843994,2.672743320465088,2.6568689346313477,2.700173854827881,2.653564453125,2.6879613399505615,2.6646533012390137,2.6688456535339355,2.6697731018066406,2.6752188205718994,2.695155620574951,2.720118522644043,2.7259435653686523,2.6780130863189697,2.686462640762329,2.668928623199463,2.701906681060791,2.671325445175171,2.7165586948394775,2.725905179977417,2.7235286235809326,2.7339913845062256,2.718691349029541,2.722931385040283,2.6998186111450195,2.7234983444213867,2.7413341999053955,2.7278714179992676]}